{"train_params": {"rank": 0, "world_size": 8, "epochs": 10, "batch_size": 1000, "learning_rate": 0.003, "momentum": 0.9, "weight_decay": 0.0001, "scheduler_step_size": 50, "gamma": 0.9}, "backward_epoch0_rank0": {"label": "backward_epoch0_rank0", "average_duration": 0.5762922430038452, "n_events": 50, "total_time": 28.81461215019226}, "backward_epoch1_rank0": {"label": "backward_epoch1_rank0", "average_duration": 0.5751411485671997, "n_events": 50, "total_time": 28.757057428359985}, "backward_epoch2_rank0": {"label": "backward_epoch2_rank0", "average_duration": 0.5761897277832031, "n_events": 50, "total_time": 28.809486389160156}, "backward_epoch3_rank0": {"label": "backward_epoch3_rank0", "average_duration": 0.5763451147079468, "n_events": 50, "total_time": 28.81725573539734}, "backward_epoch4_rank0": {"label": "backward_epoch4_rank0", "average_duration": 0.5781851482391357, "n_events": 50, "total_time": 28.909257411956787}, "backward_epoch5_rank0": {"label": "backward_epoch5_rank0", "average_duration": 0.5770339870452881, "n_events": 50, "total_time": 28.851699352264404}, "backward_epoch6_rank0": {"label": "backward_epoch6_rank0", "average_duration": 0.5765114545822143, "n_events": 50, "total_time": 28.825572729110718}, "backward_epoch7_rank0": {"label": "backward_epoch7_rank0", "average_duration": 0.5789109230041504, "n_events": 50, "total_time": 28.94554615020752}, "backward_epoch8_rank0": {"label": "backward_epoch8_rank0", "average_duration": 0.577772011756897, "n_events": 50, "total_time": 28.88860058784485}, "backward_epoch9_rank0": {"label": "backward_epoch9_rank0", "average_duration": 0.5798225593566895, "n_events": 50, "total_time": 28.991127967834473}, "forward_epoch0_rank0": {"label": "forward_epoch0_rank0", "average_duration": 0.12348833560943603, "n_events": 50, "total_time": 6.174416780471802}, "forward_epoch1_rank0": {"label": "forward_epoch1_rank0", "average_duration": 0.02674379348754883, "n_events": 50, "total_time": 1.3371896743774414}, "forward_epoch2_rank0": {"label": "forward_epoch2_rank0", "average_duration": 0.027122373580932616, "n_events": 50, "total_time": 1.3561186790466309}, "forward_epoch3_rank0": {"label": "forward_epoch3_rank0", "average_duration": 0.026430954933166505, "n_events": 50, "total_time": 1.3215477466583252}, "forward_epoch4_rank0": {"label": "forward_epoch4_rank0", "average_duration": 0.026552047729492188, "n_events": 50, "total_time": 1.3276023864746094}, "forward_epoch5_rank0": {"label": "forward_epoch5_rank0", "average_duration": 0.02748688220977783, "n_events": 50, "total_time": 1.3743441104888916}, "forward_epoch6_rank0": {"label": "forward_epoch6_rank0", "average_duration": 0.02763521671295166, "n_events": 50, "total_time": 1.381760835647583}, "forward_epoch7_rank0": {"label": "forward_epoch7_rank0", "average_duration": 0.027283644676208495, "n_events": 50, "total_time": 1.3641822338104248}, "forward_epoch8_rank0": {"label": "forward_epoch8_rank0", "average_duration": 0.027216291427612303, "n_events": 50, "total_time": 1.3608145713806152}, "forward_epoch9_rank0": {"label": "forward_epoch9_rank0", "average_duration": 0.026615943908691406, "n_events": 50, "total_time": 1.3307971954345703}, "pytorch.all_reduce": {"label": "pytorch.all_reduce", "average_duration": 0.04336949195869455, "n_events": 4994, "total_time": 216.58724284172058}, "trainloop_epoch0_rank0": {"label": "trainloop_epoch0_rank0", "average_duration": 38.41337728500366, "n_events": 1, "total_time": 38.41337728500366}, "trainloop_epoch1_rank0": {"label": "trainloop_epoch1_rank0", "average_duration": 33.52811360359192, "n_events": 1, "total_time": 33.52811360359192}, "trainloop_epoch2_rank0": {"label": "trainloop_epoch2_rank0", "average_duration": 33.61736011505127, "n_events": 1, "total_time": 33.61736011505127}, "trainloop_epoch3_rank0": {"label": "trainloop_epoch3_rank0", "average_duration": 33.6228551864624, "n_events": 1, "total_time": 33.6228551864624}, "trainloop_epoch4_rank0": {"label": "trainloop_epoch4_rank0", "average_duration": 33.70201396942139, "n_events": 1, "total_time": 33.70201396942139}, "trainloop_epoch5_rank0": {"label": "trainloop_epoch5_rank0", "average_duration": 33.64123797416687, "n_events": 1, "total_time": 33.64123797416687}, "trainloop_epoch6_rank0": {"label": "trainloop_epoch6_rank0", "average_duration": 33.62057638168335, "n_events": 1, "total_time": 33.62057638168335}, "trainloop_epoch7_rank0": {"label": "trainloop_epoch7_rank0", "average_duration": 33.747766733169556, "n_events": 1, "total_time": 33.747766733169556}, "trainloop_epoch8_rank0": {"label": "trainloop_epoch8_rank0", "average_duration": 33.72099447250366, "n_events": 1, "total_time": 33.72099447250366}, "trainloop_epoch9_rank0": {"label": "trainloop_epoch9_rank0", "average_duration": 33.81260561943054, "n_events": 1, "total_time": 33.81260561943054}}