{"train_params": {"rank": 0, "world_size": 8, "epochs": 10, "batch_size": 1000, "learning_rate": 0.003, "momentum": 0.9, "weight_decay": 0.0001, "scheduler_step_size": 50, "gamma": 0.9}, "backward_epoch0_rank0": {"label": "backward_epoch0_rank0", "average_duration": 0.4614379644393921, "n_events": 50, "total_time": 23.071898221969604}, "backward_epoch1_rank0": {"label": "backward_epoch1_rank0", "average_duration": 0.4585733890533447, "n_events": 50, "total_time": 22.928669452667236}, "backward_epoch2_rank0": {"label": "backward_epoch2_rank0", "average_duration": 0.46195459365844727, "n_events": 50, "total_time": 23.097729682922363}, "backward_epoch3_rank0": {"label": "backward_epoch3_rank0", "average_duration": 0.4608409547805786, "n_events": 50, "total_time": 23.04204773902893}, "backward_epoch4_rank0": {"label": "backward_epoch4_rank0", "average_duration": 0.46271623611450197, "n_events": 50, "total_time": 23.135811805725098}, "backward_epoch5_rank0": {"label": "backward_epoch5_rank0", "average_duration": 0.46489227294921875, "n_events": 50, "total_time": 23.244613647460938}, "backward_epoch6_rank0": {"label": "backward_epoch6_rank0", "average_duration": 0.4654733324050903, "n_events": 50, "total_time": 23.273666620254517}, "backward_epoch7_rank0": {"label": "backward_epoch7_rank0", "average_duration": 0.4680136251449585, "n_events": 50, "total_time": 23.400681257247925}, "backward_epoch8_rank0": {"label": "backward_epoch8_rank0", "average_duration": 0.4674835729598999, "n_events": 50, "total_time": 23.374178647994995}, "backward_epoch9_rank0": {"label": "backward_epoch9_rank0", "average_duration": 0.4680045223236084, "n_events": 50, "total_time": 23.40022611618042}, "forward_epoch0_rank0": {"label": "forward_epoch0_rank0", "average_duration": 0.12187119007110596, "n_events": 50, "total_time": 6.093559503555298}, "forward_epoch1_rank0": {"label": "forward_epoch1_rank0", "average_duration": 0.026929111480712892, "n_events": 50, "total_time": 1.3464555740356445}, "forward_epoch2_rank0": {"label": "forward_epoch2_rank0", "average_duration": 0.02747188091278076, "n_events": 50, "total_time": 1.373594045639038}, "forward_epoch3_rank0": {"label": "forward_epoch3_rank0", "average_duration": 0.027512927055358887, "n_events": 50, "total_time": 1.3756463527679443}, "forward_epoch4_rank0": {"label": "forward_epoch4_rank0", "average_duration": 0.027457208633422853, "n_events": 50, "total_time": 1.3728604316711426}, "forward_epoch5_rank0": {"label": "forward_epoch5_rank0", "average_duration": 0.02762261390686035, "n_events": 50, "total_time": 1.3811306953430176}, "forward_epoch6_rank0": {"label": "forward_epoch6_rank0", "average_duration": 0.02728402614593506, "n_events": 50, "total_time": 1.364201307296753}, "forward_epoch7_rank0": {"label": "forward_epoch7_rank0", "average_duration": 0.026938791275024413, "n_events": 50, "total_time": 1.3469395637512207}, "forward_epoch8_rank0": {"label": "forward_epoch8_rank0", "average_duration": 0.028118891716003416, "n_events": 50, "total_time": 1.405944585800171}, "forward_epoch9_rank0": {"label": "forward_epoch9_rank0", "average_duration": 0.0280684232711792, "n_events": 50, "total_time": 1.40342116355896}, "randomk.all_reduce": {"label": "randomk.all_reduce", "average_duration": 0.018066358031584923, "n_events": 4994, "total_time": 90.22339200973511}, "trainloop_epoch0_rank0": {"label": "trainloop_epoch0_rank0", "average_duration": 31.90485906600952, "n_events": 1, "total_time": 31.90485906600952}, "trainloop_epoch1_rank0": {"label": "trainloop_epoch1_rank0", "average_duration": 27.058383464813232, "n_events": 1, "total_time": 27.058383464813232}, "trainloop_epoch2_rank0": {"label": "trainloop_epoch2_rank0", "average_duration": 27.240737199783325, "n_events": 1, "total_time": 27.240737199783325}, "trainloop_epoch3_rank0": {"label": "trainloop_epoch3_rank0", "average_duration": 27.181150674819946, "n_events": 1, "total_time": 27.181150674819946}, "trainloop_epoch4_rank0": {"label": "trainloop_epoch4_rank0", "average_duration": 27.287299871444702, "n_events": 1, "total_time": 27.287299871444702}, "trainloop_epoch5_rank0": {"label": "trainloop_epoch5_rank0", "average_duration": 27.399752378463745, "n_events": 1, "total_time": 27.399752378463745}, "trainloop_epoch6_rank0": {"label": "trainloop_epoch6_rank0", "average_duration": 27.4229576587677, "n_events": 1, "total_time": 27.4229576587677}, "trainloop_epoch7_rank0": {"label": "trainloop_epoch7_rank0", "average_duration": 27.546263456344604, "n_events": 1, "total_time": 27.546263456344604}, "trainloop_epoch8_rank0": {"label": "trainloop_epoch8_rank0", "average_duration": 27.53984570503235, "n_events": 1, "total_time": 27.53984570503235}, "trainloop_epoch9_rank0": {"label": "trainloop_epoch9_rank0", "average_duration": 27.569122552871704, "n_events": 1, "total_time": 27.569122552871704}}