{"train_params": {"rank": 0, "world_size": 8, "epochs": 10, "batch_size": 1000, "learning_rate": 0.003, "momentum": 0.9, "weight_decay": 0.0001, "scheduler_step_size": 50, "gamma": 0.9}, "backward_epoch0_rank0": {"label": "backward_epoch0_rank0", "average_duration": 0.18231664657592772, "n_events": 50, "total_time": 9.115832328796387}, "backward_epoch1_rank0": {"label": "backward_epoch1_rank0", "average_duration": 0.21647132873535158, "n_events": 50, "total_time": 10.823566436767578}, "backward_epoch2_rank0": {"label": "backward_epoch2_rank0", "average_duration": 0.21518301010131835, "n_events": 50, "total_time": 10.759150505065918}, "backward_epoch3_rank0": {"label": "backward_epoch3_rank0", "average_duration": 0.21869222164154054, "n_events": 50, "total_time": 10.934611082077026}, "backward_epoch4_rank0": {"label": "backward_epoch4_rank0", "average_duration": 0.217312970161438, "n_events": 50, "total_time": 10.8656485080719}, "backward_epoch5_rank0": {"label": "backward_epoch5_rank0", "average_duration": 0.22078877449035644, "n_events": 50, "total_time": 11.039438724517822}, "backward_epoch6_rank0": {"label": "backward_epoch6_rank0", "average_duration": 0.21904391765594483, "n_events": 50, "total_time": 10.952195882797241}, "backward_epoch7_rank0": {"label": "backward_epoch7_rank0", "average_duration": 0.21976300239562988, "n_events": 50, "total_time": 10.988150119781494}, "backward_epoch8_rank0": {"label": "backward_epoch8_rank0", "average_duration": 0.22338054180145264, "n_events": 50, "total_time": 11.169027090072632}, "backward_epoch9_rank0": {"label": "backward_epoch9_rank0", "average_duration": 0.22321765422821044, "n_events": 50, "total_time": 11.160882711410522}, "forward_epoch0_rank0": {"label": "forward_epoch0_rank0", "average_duration": 0.12176126480102539, "n_events": 50, "total_time": 6.0880632400512695}, "forward_epoch1_rank0": {"label": "forward_epoch1_rank0", "average_duration": 0.026281371116638183, "n_events": 50, "total_time": 1.3140685558319092}, "forward_epoch2_rank0": {"label": "forward_epoch2_rank0", "average_duration": 0.026326465606689452, "n_events": 50, "total_time": 1.3163232803344727}, "forward_epoch3_rank0": {"label": "forward_epoch3_rank0", "average_duration": 0.026157960891723633, "n_events": 50, "total_time": 1.3078980445861816}, "forward_epoch4_rank0": {"label": "forward_epoch4_rank0", "average_duration": 0.026168384552001954, "n_events": 50, "total_time": 1.3084192276000977}, "forward_epoch5_rank0": {"label": "forward_epoch5_rank0", "average_duration": 0.026319570541381836, "n_events": 50, "total_time": 1.3159785270690918}, "forward_epoch6_rank0": {"label": "forward_epoch6_rank0", "average_duration": 0.026347060203552247, "n_events": 50, "total_time": 1.3173530101776123}, "forward_epoch7_rank0": {"label": "forward_epoch7_rank0", "average_duration": 0.0274703311920166, "n_events": 50, "total_time": 1.37351655960083}, "forward_epoch8_rank0": {"label": "forward_epoch8_rank0", "average_duration": 0.027529721260070802, "n_events": 50, "total_time": 1.37648606300354}, "forward_epoch9_rank0": {"label": "forward_epoch9_rank0", "average_duration": 0.026136269569396974, "n_events": 50, "total_time": 1.3068134784698486}, "powersgd.Ps.all_reduce": {"label": "powersgd.Ps.all_reduce", "average_duration": 0.000816453668806288, "n_events": 4500, "total_time": 3.674041509628296}, "powersgd.Qs.all_reduce": {"label": "powersgd.Qs.all_reduce", "average_duration": 0.0016966393788655598, "n_events": 4500, "total_time": 7.6348772048950195}, "powersgd.uncompressed.all_reduce": {"label": "powersgd.uncompressed.all_reduce", "average_duration": 0.0010002686712476943, "n_events": 4500, "total_time": 4.501209020614624}, "trainloop_epoch0_rank0": {"label": "trainloop_epoch0_rank0", "average_duration": 34.807814836502075, "n_events": 1, "total_time": 34.807814836502075}, "trainloop_epoch1_rank0": {"label": "trainloop_epoch1_rank0", "average_duration": 14.747359275817871, "n_events": 1, "total_time": 14.747359275817871}, "trainloop_epoch2_rank0": {"label": "trainloop_epoch2_rank0", "average_duration": 14.688662767410278, "n_events": 1, "total_time": 14.688662767410278}, "trainloop_epoch3_rank0": {"label": "trainloop_epoch3_rank0", "average_duration": 14.86694622039795, "n_events": 1, "total_time": 14.86694622039795}, "trainloop_epoch4_rank0": {"label": "trainloop_epoch4_rank0", "average_duration": 14.78861379623413, "n_events": 1, "total_time": 14.78861379623413}, "trainloop_epoch5_rank0": {"label": "trainloop_epoch5_rank0", "average_duration": 14.964705467224121, "n_events": 1, "total_time": 14.964705467224121}, "trainloop_epoch6_rank0": {"label": "trainloop_epoch6_rank0", "average_duration": 14.883013725280762, "n_events": 1, "total_time": 14.883013725280762}, "trainloop_epoch7_rank0": {"label": "trainloop_epoch7_rank0", "average_duration": 14.917713403701782, "n_events": 1, "total_time": 14.917713403701782}, "trainloop_epoch8_rank0": {"label": "trainloop_epoch8_rank0", "average_duration": 15.118397951126099, "n_events": 1, "total_time": 15.118397951126099}, "trainloop_epoch9_rank0": {"label": "trainloop_epoch9_rank0", "average_duration": 15.088819980621338, "n_events": 1, "total_time": 15.088819980621338}}