{"train_params": {"rank": 0, "world_size": 8, "epochs": 10, "batch_size": 1000, "learning_rate": 0.003, "momentum": 0.9, "weight_decay": 0.0001, "scheduler_step_size": 50, "gamma": 0.9}, "backward_epoch0_rank0": {"label": "backward_epoch0_rank0", "average_duration": 0.36225386619567873, "n_events": 50, "total_time": 18.112693309783936}, "backward_epoch1_rank0": {"label": "backward_epoch1_rank0", "average_duration": 0.35748466968536374, "n_events": 50, "total_time": 17.87423348426819}, "backward_epoch2_rank0": {"label": "backward_epoch2_rank0", "average_duration": 0.36018499851226804, "n_events": 50, "total_time": 18.009249925613403}, "backward_epoch3_rank0": {"label": "backward_epoch3_rank0", "average_duration": 0.3596742296218872, "n_events": 50, "total_time": 17.98371148109436}, "backward_epoch4_rank0": {"label": "backward_epoch4_rank0", "average_duration": 0.3600022315979004, "n_events": 50, "total_time": 18.00011157989502}, "backward_epoch5_rank0": {"label": "backward_epoch5_rank0", "average_duration": 0.3620940732955933, "n_events": 50, "total_time": 18.104703664779663}, "backward_epoch6_rank0": {"label": "backward_epoch6_rank0", "average_duration": 0.36085373878479005, "n_events": 50, "total_time": 18.042686939239502}, "backward_epoch7_rank0": {"label": "backward_epoch7_rank0", "average_duration": 0.3627475595474243, "n_events": 50, "total_time": 18.137377977371216}, "backward_epoch8_rank0": {"label": "backward_epoch8_rank0", "average_duration": 0.36163863182067874, "n_events": 50, "total_time": 18.081931591033936}, "backward_epoch9_rank0": {"label": "backward_epoch9_rank0", "average_duration": 0.3618790102005005, "n_events": 50, "total_time": 18.093950510025024}, "forward_epoch0_rank0": {"label": "forward_epoch0_rank0", "average_duration": 0.1220896863937378, "n_events": 50, "total_time": 6.10448431968689}, "forward_epoch1_rank0": {"label": "forward_epoch1_rank0", "average_duration": 0.0280224609375, "n_events": 50, "total_time": 1.401123046875}, "forward_epoch2_rank0": {"label": "forward_epoch2_rank0", "average_duration": 0.0273093843460083, "n_events": 50, "total_time": 1.365469217300415}, "forward_epoch3_rank0": {"label": "forward_epoch3_rank0", "average_duration": 0.02846689224243164, "n_events": 50, "total_time": 1.423344612121582}, "forward_epoch4_rank0": {"label": "forward_epoch4_rank0", "average_duration": 0.02770731449127197, "n_events": 50, "total_time": 1.3853657245635986}, "forward_epoch5_rank0": {"label": "forward_epoch5_rank0", "average_duration": 0.028504519462585448, "n_events": 50, "total_time": 1.4252259731292725}, "forward_epoch6_rank0": {"label": "forward_epoch6_rank0", "average_duration": 0.027104973793029785, "n_events": 50, "total_time": 1.3552486896514893}, "forward_epoch7_rank0": {"label": "forward_epoch7_rank0", "average_duration": 0.02728982925415039, "n_events": 50, "total_time": 1.3644914627075195}, "forward_epoch8_rank0": {"label": "forward_epoch8_rank0", "average_duration": 0.0280601167678833, "n_events": 50, "total_time": 1.403005838394165}, "forward_epoch9_rank0": {"label": "forward_epoch9_rank0", "average_duration": 0.026615705490112305, "n_events": 50, "total_time": 1.3307852745056152}, "randomk.all_reduce": {"label": "randomk.all_reduce", "average_duration": 0.013020654606924182, "n_events": 4994, "total_time": 65.02514910697937}, "trainloop_epoch0_rank0": {"label": "trainloop_epoch0_rank0", "average_duration": 27.001288175582886, "n_events": 1, "total_time": 27.001288175582886}, "trainloop_epoch1_rank0": {"label": "trainloop_epoch1_rank0", "average_duration": 22.07444429397583, "n_events": 1, "total_time": 22.07444429397583}, "trainloop_epoch2_rank0": {"label": "trainloop_epoch2_rank0", "average_duration": 22.1934175491333, "n_events": 1, "total_time": 22.1934175491333}, "trainloop_epoch3_rank0": {"label": "trainloop_epoch3_rank0", "average_duration": 22.198686122894287, "n_events": 1, "total_time": 22.198686122894287}, "trainloop_epoch4_rank0": {"label": "trainloop_epoch4_rank0", "average_duration": 22.190073251724243, "n_events": 1, "total_time": 22.190073251724243}, "trainloop_epoch5_rank0": {"label": "trainloop_epoch5_rank0", "average_duration": 22.315141916275024, "n_events": 1, "total_time": 22.315141916275024}, "trainloop_epoch6_rank0": {"label": "trainloop_epoch6_rank0", "average_duration": 22.24020266532898, "n_events": 1, "total_time": 22.24020266532898}, "trainloop_epoch7_rank0": {"label": "trainloop_epoch7_rank0", "average_duration": 22.325554847717285, "n_events": 1, "total_time": 22.325554847717285}, "trainloop_epoch8_rank0": {"label": "trainloop_epoch8_rank0", "average_duration": 22.283725023269653, "n_events": 1, "total_time": 22.283725023269653}, "trainloop_epoch9_rank0": {"label": "trainloop_epoch9_rank0", "average_duration": 22.287598609924316, "n_events": 1, "total_time": 22.287598609924316}}