{"train_params": {"rank": 0, "world_size": 8, "epochs": 10, "batch_size": 1000, "learning_rate": 0.003, "momentum": 0.9, "weight_decay": 0.0001, "scheduler_step_size": 50, "gamma": 0.9}, "backward_epoch0_rank0": {"label": "backward_epoch0_rank0", "average_duration": 0.6709827518463135, "n_events": 50, "total_time": 33.549137592315674}, "backward_epoch1_rank0": {"label": "backward_epoch1_rank0", "average_duration": 0.6741915464401245, "n_events": 50, "total_time": 33.709577322006226}, "backward_epoch2_rank0": {"label": "backward_epoch2_rank0", "average_duration": 0.6782351779937744, "n_events": 50, "total_time": 33.91175889968872}, "backward_epoch3_rank0": {"label": "backward_epoch3_rank0", "average_duration": 0.677028341293335, "n_events": 50, "total_time": 33.85141706466675}, "backward_epoch4_rank0": {"label": "backward_epoch4_rank0", "average_duration": 0.6805049991607666, "n_events": 50, "total_time": 34.02524995803833}, "backward_epoch5_rank0": {"label": "backward_epoch5_rank0", "average_duration": 0.6791197729110717, "n_events": 50, "total_time": 33.95598864555359}, "backward_epoch6_rank0": {"label": "backward_epoch6_rank0", "average_duration": 0.6830543851852418, "n_events": 50, "total_time": 34.152719259262085}, "backward_epoch7_rank0": {"label": "backward_epoch7_rank0", "average_duration": 0.6788768529891968, "n_events": 50, "total_time": 33.94384264945984}, "backward_epoch8_rank0": {"label": "backward_epoch8_rank0", "average_duration": 0.6827969837188721, "n_events": 50, "total_time": 34.1398491859436}, "backward_epoch9_rank0": {"label": "backward_epoch9_rank0", "average_duration": 0.6817121076583862, "n_events": 50, "total_time": 34.08560538291931}, "forward_epoch0_rank0": {"label": "forward_epoch0_rank0", "average_duration": 0.1238111686706543, "n_events": 50, "total_time": 6.190558433532715}, "forward_epoch1_rank0": {"label": "forward_epoch1_rank0", "average_duration": 0.02668863773345947, "n_events": 50, "total_time": 1.3344318866729736}, "forward_epoch2_rank0": {"label": "forward_epoch2_rank0", "average_duration": 0.027420401573181152, "n_events": 50, "total_time": 1.3710200786590576}, "forward_epoch3_rank0": {"label": "forward_epoch3_rank0", "average_duration": 0.027340626716613768, "n_events": 50, "total_time": 1.3670313358306885}, "forward_epoch4_rank0": {"label": "forward_epoch4_rank0", "average_duration": 0.026760878562927245, "n_events": 50, "total_time": 1.3380439281463623}, "forward_epoch5_rank0": {"label": "forward_epoch5_rank0", "average_duration": 0.02707789421081543, "n_events": 50, "total_time": 1.3538947105407715}, "forward_epoch6_rank0": {"label": "forward_epoch6_rank0", "average_duration": 0.02695004940032959, "n_events": 50, "total_time": 1.3475024700164795}, "forward_epoch7_rank0": {"label": "forward_epoch7_rank0", "average_duration": 0.026668572425842287, "n_events": 50, "total_time": 1.3334286212921143}, "forward_epoch8_rank0": {"label": "forward_epoch8_rank0", "average_duration": 0.026941347122192382, "n_events": 50, "total_time": 1.3470673561096191}, "forward_epoch9_rank0": {"label": "forward_epoch9_rank0", "average_duration": 0.026886367797851564, "n_events": 50, "total_time": 1.3443183898925781}, "randomk.all_reduce": {"label": "randomk.all_reduce", "average_duration": 0.03184743466069806, "n_events": 4994, "total_time": 159.04608869552612}, "trainloop_epoch0_rank0": {"label": "trainloop_epoch0_rank0", "average_duration": 42.8706259727478, "n_events": 1, "total_time": 42.8706259727478}, "trainloop_epoch1_rank0": {"label": "trainloop_epoch1_rank0", "average_duration": 38.18778657913208, "n_events": 1, "total_time": 38.18778657913208}, "trainloop_epoch2_rank0": {"label": "trainloop_epoch2_rank0", "average_duration": 38.41077923774719, "n_events": 1, "total_time": 38.41077923774719}, "trainloop_epoch3_rank0": {"label": "trainloop_epoch3_rank0", "average_duration": 38.346548557281494, "n_events": 1, "total_time": 38.346548557281494}, "trainloop_epoch4_rank0": {"label": "trainloop_epoch4_rank0", "average_duration": 38.49450755119324, "n_events": 1, "total_time": 38.49450755119324}, "trainloop_epoch5_rank0": {"label": "trainloop_epoch5_rank0", "average_duration": 38.44491147994995, "n_events": 1, "total_time": 38.44491147994995}, "trainloop_epoch6_rank0": {"label": "trainloop_epoch6_rank0", "average_duration": 38.66059851646423, "n_events": 1, "total_time": 38.66059851646423}, "trainloop_epoch7_rank0": {"label": "trainloop_epoch7_rank0", "average_duration": 38.425172328948975, "n_events": 1, "total_time": 38.425172328948975}, "trainloop_epoch8_rank0": {"label": "trainloop_epoch8_rank0", "average_duration": 38.640547037124634, "n_events": 1, "total_time": 38.640547037124634}, "trainloop_epoch9_rank0": {"label": "trainloop_epoch9_rank0", "average_duration": 38.5953209400177, "n_events": 1, "total_time": 38.5953209400177}}