{"train_params": {"rank": 0, "world_size": 4, "epochs": 10, "batch_size": 1000, "learning_rate": 0.003, "momentum": 0.9, "weight_decay": 0.0001, "scheduler_step_size": 50, "gamma": 0.9}, "backward_epoch0_rank0": {"label": "backward_epoch0_rank0", "average_duration": 0.44695538997650147, "n_events": 50, "total_time": 22.347769498825073}, "backward_epoch1_rank0": {"label": "backward_epoch1_rank0", "average_duration": 0.4453554105758667, "n_events": 50, "total_time": 22.267770528793335}, "backward_epoch2_rank0": {"label": "backward_epoch2_rank0", "average_duration": 0.44966189861297606, "n_events": 50, "total_time": 22.483094930648804}, "backward_epoch3_rank0": {"label": "backward_epoch3_rank0", "average_duration": 0.4485631084442139, "n_events": 50, "total_time": 22.428155422210693}, "backward_epoch4_rank0": {"label": "backward_epoch4_rank0", "average_duration": 0.4495468521118164, "n_events": 50, "total_time": 22.47734260559082}, "backward_epoch5_rank0": {"label": "backward_epoch5_rank0", "average_duration": 0.4529993772506714, "n_events": 50, "total_time": 22.64996886253357}, "backward_epoch6_rank0": {"label": "backward_epoch6_rank0", "average_duration": 0.4513751173019409, "n_events": 50, "total_time": 22.568755865097046}, "backward_epoch7_rank0": {"label": "backward_epoch7_rank0", "average_duration": 0.45398332595825197, "n_events": 50, "total_time": 22.699166297912598}, "backward_epoch8_rank0": {"label": "backward_epoch8_rank0", "average_duration": 0.45188345432281496, "n_events": 50, "total_time": 22.594172716140747}, "backward_epoch9_rank0": {"label": "backward_epoch9_rank0", "average_duration": 0.45262190341949465, "n_events": 50, "total_time": 22.63109517097473}, "forward_epoch0_rank0": {"label": "forward_epoch0_rank0", "average_duration": 0.12438547134399414, "n_events": 50, "total_time": 6.219273567199707}, "forward_epoch1_rank0": {"label": "forward_epoch1_rank0", "average_duration": 0.027832937240600587, "n_events": 50, "total_time": 1.3916468620300293}, "forward_epoch2_rank0": {"label": "forward_epoch2_rank0", "average_duration": 0.02805103302001953, "n_events": 50, "total_time": 1.4025516510009766}, "forward_epoch3_rank0": {"label": "forward_epoch3_rank0", "average_duration": 0.027805638313293458, "n_events": 50, "total_time": 1.3902819156646729}, "forward_epoch4_rank0": {"label": "forward_epoch4_rank0", "average_duration": 0.02780117988586426, "n_events": 50, "total_time": 1.390058994293213}, "forward_epoch5_rank0": {"label": "forward_epoch5_rank0", "average_duration": 0.028115744590759276, "n_events": 50, "total_time": 1.4057872295379639}, "forward_epoch6_rank0": {"label": "forward_epoch6_rank0", "average_duration": 0.028218412399291994, "n_events": 50, "total_time": 1.4109206199645996}, "forward_epoch7_rank0": {"label": "forward_epoch7_rank0", "average_duration": 0.02773606777191162, "n_events": 50, "total_time": 1.386803388595581}, "forward_epoch8_rank0": {"label": "forward_epoch8_rank0", "average_duration": 0.02808638095855713, "n_events": 50, "total_time": 1.4043190479278564}, "forward_epoch9_rank0": {"label": "forward_epoch9_rank0", "average_duration": 0.028240671157836916, "n_events": 50, "total_time": 1.4120335578918457}, "randomk.all_reduce": {"label": "randomk.all_reduce", "average_duration": 0.016983226007301903, "n_events": 4994, "total_time": 84.8142306804657}, "trainloop_epoch0_rank0": {"label": "trainloop_epoch0_rank0", "average_duration": 30.945364713668823, "n_events": 1, "total_time": 30.945364713668823}, "trainloop_epoch1_rank0": {"label": "trainloop_epoch1_rank0", "average_duration": 26.077529668807983, "n_events": 1, "total_time": 26.077529668807983}, "trainloop_epoch2_rank0": {"label": "trainloop_epoch2_rank0", "average_duration": 26.301157236099243, "n_events": 1, "total_time": 26.301157236099243}, "trainloop_epoch3_rank0": {"label": "trainloop_epoch3_rank0", "average_duration": 26.258228540420532, "n_events": 1, "total_time": 26.258228540420532}, "trainloop_epoch4_rank0": {"label": "trainloop_epoch4_rank0", "average_duration": 26.299381494522095, "n_events": 1, "total_time": 26.299381494522095}, "trainloop_epoch5_rank0": {"label": "trainloop_epoch5_rank0", "average_duration": 26.482055187225342, "n_events": 1, "total_time": 26.482055187225342}, "trainloop_epoch6_rank0": {"label": "trainloop_epoch6_rank0", "average_duration": 26.403396606445312, "n_events": 1, "total_time": 26.403396606445312}, "trainloop_epoch7_rank0": {"label": "trainloop_epoch7_rank0", "average_duration": 26.531358242034912, "n_events": 1, "total_time": 26.531358242034912}, "trainloop_epoch8_rank0": {"label": "trainloop_epoch8_rank0", "average_duration": 26.43129563331604, "n_events": 1, "total_time": 26.43129563331604}, "trainloop_epoch9_rank0": {"label": "trainloop_epoch9_rank0", "average_duration": 26.458463430404663, "n_events": 1, "total_time": 26.458463430404663}}