{"train_params": {"rank": 0, "world_size": 4, "epochs": 10, "batch_size": 1000, "learning_rate": 0.003, "momentum": 0.9, "weight_decay": 0.0001, "scheduler_step_size": 50, "gamma": 0.9}, "backward_epoch0_rank0": {"label": "backward_epoch0_rank0", "average_duration": 0.33245702266693117, "n_events": 50, "total_time": 16.622851133346558}, "backward_epoch1_rank0": {"label": "backward_epoch1_rank0", "average_duration": 0.3281360006332397, "n_events": 50, "total_time": 16.406800031661987}, "backward_epoch2_rank0": {"label": "backward_epoch2_rank0", "average_duration": 0.3310301876068115, "n_events": 50, "total_time": 16.551509380340576}, "backward_epoch3_rank0": {"label": "backward_epoch3_rank0", "average_duration": 0.32955790996551515, "n_events": 50, "total_time": 16.477895498275757}, "backward_epoch4_rank0": {"label": "backward_epoch4_rank0", "average_duration": 0.3306988096237183, "n_events": 50, "total_time": 16.534940481185913}, "backward_epoch5_rank0": {"label": "backward_epoch5_rank0", "average_duration": 0.33378459453582765, "n_events": 50, "total_time": 16.689229726791382}, "backward_epoch6_rank0": {"label": "backward_epoch6_rank0", "average_duration": 0.331307373046875, "n_events": 50, "total_time": 16.56536865234375}, "backward_epoch7_rank0": {"label": "backward_epoch7_rank0", "average_duration": 0.3364013910293579, "n_events": 50, "total_time": 16.820069551467896}, "backward_epoch8_rank0": {"label": "backward_epoch8_rank0", "average_duration": 0.33439590930938723, "n_events": 50, "total_time": 16.71979546546936}, "backward_epoch9_rank0": {"label": "backward_epoch9_rank0", "average_duration": 0.33478823184967044, "n_events": 50, "total_time": 16.73941159248352}, "forward_epoch0_rank0": {"label": "forward_epoch0_rank0", "average_duration": 0.12241841316223144, "n_events": 50, "total_time": 6.120920658111572}, "forward_epoch1_rank0": {"label": "forward_epoch1_rank0", "average_duration": 0.028314423561096192, "n_events": 50, "total_time": 1.4157211780548096}, "forward_epoch2_rank0": {"label": "forward_epoch2_rank0", "average_duration": 0.028164324760437013, "n_events": 50, "total_time": 1.4082162380218506}, "forward_epoch3_rank0": {"label": "forward_epoch3_rank0", "average_duration": 0.029362993240356447, "n_events": 50, "total_time": 1.4681496620178223}, "forward_epoch4_rank0": {"label": "forward_epoch4_rank0", "average_duration": 0.02866525650024414, "n_events": 50, "total_time": 1.433262825012207}, "forward_epoch5_rank0": {"label": "forward_epoch5_rank0", "average_duration": 0.027721667289733888, "n_events": 50, "total_time": 1.3860833644866943}, "forward_epoch6_rank0": {"label": "forward_epoch6_rank0", "average_duration": 0.028481898307800294, "n_events": 50, "total_time": 1.4240949153900146}, "forward_epoch7_rank0": {"label": "forward_epoch7_rank0", "average_duration": 0.028470020294189453, "n_events": 50, "total_time": 1.4235010147094727}, "forward_epoch8_rank0": {"label": "forward_epoch8_rank0", "average_duration": 0.027835640907287598, "n_events": 50, "total_time": 1.3917820453643799}, "forward_epoch9_rank0": {"label": "forward_epoch9_rank0", "average_duration": 0.02855571746826172, "n_events": 50, "total_time": 1.427785873413086}, "randomk.all_reduce": {"label": "randomk.all_reduce", "average_duration": 0.010463312954534088, "n_events": 4994, "total_time": 52.25378489494324}, "trainloop_epoch0_rank0": {"label": "trainloop_epoch0_rank0", "average_duration": 25.054359912872314, "n_events": 1, "total_time": 25.054359912872314}, "trainloop_epoch1_rank0": {"label": "trainloop_epoch1_rank0", "average_duration": 20.166218757629395, "n_events": 1, "total_time": 20.166218757629395}, "trainloop_epoch2_rank0": {"label": "trainloop_epoch2_rank0", "average_duration": 20.33260488510132, "n_events": 1, "total_time": 20.33260488510132}, "trainloop_epoch3_rank0": {"label": "trainloop_epoch3_rank0", "average_duration": 20.253257036209106, "n_events": 1, "total_time": 20.253257036209106}, "trainloop_epoch4_rank0": {"label": "trainloop_epoch4_rank0", "average_duration": 20.30975604057312, "n_events": 1, "total_time": 20.30975604057312}, "trainloop_epoch5_rank0": {"label": "trainloop_epoch5_rank0", "average_duration": 20.46722435951233, "n_events": 1, "total_time": 20.46722435951233}, "trainloop_epoch6_rank0": {"label": "trainloop_epoch6_rank0", "average_duration": 20.33850598335266, "n_events": 1, "total_time": 20.33850598335266}, "trainloop_epoch7_rank0": {"label": "trainloop_epoch7_rank0", "average_duration": 20.593660831451416, "n_events": 1, "total_time": 20.593660831451416}, "trainloop_epoch8_rank0": {"label": "trainloop_epoch8_rank0", "average_duration": 20.485968351364136, "n_events": 1, "total_time": 20.485968351364136}, "trainloop_epoch9_rank0": {"label": "trainloop_epoch9_rank0", "average_duration": 20.51089596748352, "n_events": 1, "total_time": 20.51089596748352}}