{"train_params": {"rank": 0, "world_size": 4, "epochs": 10, "batch_size": 1000, "learning_rate": 0.003, "momentum": 0.9, "weight_decay": 0.0001, "scheduler_step_size": 50, "gamma": 0.9}, "backward_epoch0_rank0": {"label": "backward_epoch0_rank0", "average_duration": 0.6252788019180298, "n_events": 50, "total_time": 31.26394009590149}, "backward_epoch1_rank0": {"label": "backward_epoch1_rank0", "average_duration": 0.6250828313827514, "n_events": 50, "total_time": 31.254141569137573}, "backward_epoch2_rank0": {"label": "backward_epoch2_rank0", "average_duration": 0.6289380168914795, "n_events": 50, "total_time": 31.446900844573975}, "backward_epoch3_rank0": {"label": "backward_epoch3_rank0", "average_duration": 0.6298184871673584, "n_events": 50, "total_time": 31.49092435836792}, "backward_epoch4_rank0": {"label": "backward_epoch4_rank0", "average_duration": 0.6330063009262085, "n_events": 50, "total_time": 31.650315046310425}, "backward_epoch5_rank0": {"label": "backward_epoch5_rank0", "average_duration": 0.6325783348083496, "n_events": 50, "total_time": 31.62891674041748}, "backward_epoch6_rank0": {"label": "backward_epoch6_rank0", "average_duration": 0.6342457962036133, "n_events": 50, "total_time": 31.712289810180664}, "backward_epoch7_rank0": {"label": "backward_epoch7_rank0", "average_duration": 0.6332165002822876, "n_events": 50, "total_time": 31.66082501411438}, "backward_epoch8_rank0": {"label": "backward_epoch8_rank0", "average_duration": 0.6343134117126464, "n_events": 50, "total_time": 31.715670585632324}, "backward_epoch9_rank0": {"label": "backward_epoch9_rank0", "average_duration": 0.6335251903533936, "n_events": 50, "total_time": 31.676259517669678}, "forward_epoch0_rank0": {"label": "forward_epoch0_rank0", "average_duration": 0.12358971118927002, "n_events": 50, "total_time": 6.179485559463501}, "forward_epoch1_rank0": {"label": "forward_epoch1_rank0", "average_duration": 0.029273004531860353, "n_events": 50, "total_time": 1.4636502265930176}, "forward_epoch2_rank0": {"label": "forward_epoch2_rank0", "average_duration": 0.02853874206542969, "n_events": 50, "total_time": 1.4269371032714844}, "forward_epoch3_rank0": {"label": "forward_epoch3_rank0", "average_duration": 0.02863532543182373, "n_events": 50, "total_time": 1.4317662715911865}, "forward_epoch4_rank0": {"label": "forward_epoch4_rank0", "average_duration": 0.027883944511413575, "n_events": 50, "total_time": 1.3941972255706787}, "forward_epoch5_rank0": {"label": "forward_epoch5_rank0", "average_duration": 0.0297806978225708, "n_events": 50, "total_time": 1.48903489112854}, "forward_epoch6_rank0": {"label": "forward_epoch6_rank0", "average_duration": 0.028370652198791504, "n_events": 50, "total_time": 1.4185326099395752}, "forward_epoch7_rank0": {"label": "forward_epoch7_rank0", "average_duration": 0.028335528373718263, "n_events": 50, "total_time": 1.416776418685913}, "forward_epoch8_rank0": {"label": "forward_epoch8_rank0", "average_duration": 0.028708677291870117, "n_events": 50, "total_time": 1.4354338645935059}, "forward_epoch9_rank0": {"label": "forward_epoch9_rank0", "average_duration": 0.028649797439575197, "n_events": 50, "total_time": 1.4324898719787598}, "randomk.all_reduce": {"label": "randomk.all_reduce", "average_duration": 0.027218027978025534, "n_events": 4994, "total_time": 135.92683172225952}, "trainloop_epoch0_rank0": {"label": "trainloop_epoch0_rank0", "average_duration": 39.9871609210968, "n_events": 1, "total_time": 39.9871609210968}, "trainloop_epoch1_rank0": {"label": "trainloop_epoch1_rank0", "average_duration": 35.24543285369873, "n_events": 1, "total_time": 35.24543285369873}, "trainloop_epoch2_rank0": {"label": "trainloop_epoch2_rank0", "average_duration": 35.43932485580444, "n_events": 1, "total_time": 35.43932485580444}, "trainloop_epoch3_rank0": {"label": "trainloop_epoch3_rank0", "average_duration": 35.48348355293274, "n_events": 1, "total_time": 35.48348355293274}, "trainloop_epoch4_rank0": {"label": "trainloop_epoch4_rank0", "average_duration": 35.64915704727173, "n_events": 1, "total_time": 35.64915704727173}, "trainloop_epoch5_rank0": {"label": "trainloop_epoch5_rank0", "average_duration": 35.623069524765015, "n_events": 1, "total_time": 35.623069524765015}, "trainloop_epoch6_rank0": {"label": "trainloop_epoch6_rank0", "average_duration": 35.71424221992493, "n_events": 1, "total_time": 35.71424221992493}, "trainloop_epoch7_rank0": {"label": "trainloop_epoch7_rank0", "average_duration": 35.65866303443909, "n_events": 1, "total_time": 35.65866303443909}, "trainloop_epoch8_rank0": {"label": "trainloop_epoch8_rank0", "average_duration": 35.73222470283508, "n_events": 1, "total_time": 35.73222470283508}, "trainloop_epoch9_rank0": {"label": "trainloop_epoch9_rank0", "average_duration": 35.68323612213135, "n_events": 1, "total_time": 35.68323612213135}}