{"train_params": {"rank": 0, "world_size": 4, "epochs": 10, "batch_size": 1000, "learning_rate": 0.003, "momentum": 0.9, "weight_decay": 0.0001, "scheduler_step_size": 50, "gamma": 0.9}, "backward_epoch0_rank0": {"label": "backward_epoch0_rank0", "average_duration": 0.47295054912567136, "n_events": 50, "total_time": 23.64752745628357}, "backward_epoch1_rank0": {"label": "backward_epoch1_rank0", "average_duration": 0.47468081951141355, "n_events": 50, "total_time": 23.73404097557068}, "backward_epoch2_rank0": {"label": "backward_epoch2_rank0", "average_duration": 0.47311421871185305, "n_events": 50, "total_time": 23.65571093559265}, "backward_epoch3_rank0": {"label": "backward_epoch3_rank0", "average_duration": 0.47519889354705813, "n_events": 50, "total_time": 23.759944677352905}, "backward_epoch4_rank0": {"label": "backward_epoch4_rank0", "average_duration": 0.4759433889389038, "n_events": 50, "total_time": 23.79716944694519}, "backward_epoch5_rank0": {"label": "backward_epoch5_rank0", "average_duration": 0.4773389768600464, "n_events": 50, "total_time": 23.86694884300232}, "backward_epoch6_rank0": {"label": "backward_epoch6_rank0", "average_duration": 0.48013891696929933, "n_events": 50, "total_time": 24.006945848464966}, "backward_epoch7_rank0": {"label": "backward_epoch7_rank0", "average_duration": 0.48062973499298095, "n_events": 50, "total_time": 24.031486749649048}, "backward_epoch8_rank0": {"label": "backward_epoch8_rank0", "average_duration": 0.4804358339309692, "n_events": 50, "total_time": 24.021791696548462}, "backward_epoch9_rank0": {"label": "backward_epoch9_rank0", "average_duration": 0.48067248821258546, "n_events": 50, "total_time": 24.033624410629272}, "forward_epoch0_rank0": {"label": "forward_epoch0_rank0", "average_duration": 0.12467642784118653, "n_events": 50, "total_time": 6.233821392059326}, "forward_epoch1_rank0": {"label": "forward_epoch1_rank0", "average_duration": 0.02930131435394287, "n_events": 50, "total_time": 1.4650657176971436}, "forward_epoch2_rank0": {"label": "forward_epoch2_rank0", "average_duration": 0.027882461547851563, "n_events": 50, "total_time": 1.3941230773925781}, "forward_epoch3_rank0": {"label": "forward_epoch3_rank0", "average_duration": 0.02950263977050781, "n_events": 50, "total_time": 1.4751319885253906}, "forward_epoch4_rank0": {"label": "forward_epoch4_rank0", "average_duration": 0.027666015625, "n_events": 50, "total_time": 1.38330078125}, "forward_epoch5_rank0": {"label": "forward_epoch5_rank0", "average_duration": 0.027836217880249023, "n_events": 50, "total_time": 1.3918108940124512}, "forward_epoch6_rank0": {"label": "forward_epoch6_rank0", "average_duration": 0.027527928352355957, "n_events": 50, "total_time": 1.3763964176177979}, "forward_epoch7_rank0": {"label": "forward_epoch7_rank0", "average_duration": 0.027618265151977538, "n_events": 50, "total_time": 1.380913257598877}, "forward_epoch8_rank0": {"label": "forward_epoch8_rank0", "average_duration": 0.028258676528930663, "n_events": 50, "total_time": 1.4129338264465332}, "forward_epoch9_rank0": {"label": "forward_epoch9_rank0", "average_duration": 0.029228954315185546, "n_events": 50, "total_time": 1.4614477157592773}, "pytorch.all_reduce": {"label": "pytorch.all_reduce", "average_duration": 0.03344535249970558, "n_events": 4994, "total_time": 167.02609038352966}, "trainloop_epoch0_rank0": {"label": "trainloop_epoch0_rank0", "average_duration": 32.42224478721619, "n_events": 1, "total_time": 32.42224478721619}, "trainloop_epoch1_rank0": {"label": "trainloop_epoch1_rank0", "average_duration": 27.735135316848755, "n_events": 1, "total_time": 27.735135316848755}, "trainloop_epoch2_rank0": {"label": "trainloop_epoch2_rank0", "average_duration": 27.649729013442993, "n_events": 1, "total_time": 27.649729013442993}, "trainloop_epoch3_rank0": {"label": "trainloop_epoch3_rank0", "average_duration": 27.792597770690918, "n_events": 1, "total_time": 27.792597770690918}, "trainloop_epoch4_rank0": {"label": "trainloop_epoch4_rank0", "average_duration": 27.787199020385742, "n_events": 1, "total_time": 27.787199020385742}, "trainloop_epoch5_rank0": {"label": "trainloop_epoch5_rank0", "average_duration": 27.865582704544067, "n_events": 1, "total_time": 27.865582704544067}, "trainloop_epoch6_rank0": {"label": "trainloop_epoch6_rank0", "average_duration": 28.003334999084473, "n_events": 1, "total_time": 28.003334999084473}, "trainloop_epoch7_rank0": {"label": "trainloop_epoch7_rank0", "average_duration": 28.045440196990967, "n_events": 1, "total_time": 28.045440196990967}, "trainloop_epoch8_rank0": {"label": "trainloop_epoch8_rank0", "average_duration": 28.04766058921814, "n_events": 1, "total_time": 28.04766058921814}, "trainloop_epoch9_rank0": {"label": "trainloop_epoch9_rank0", "average_duration": 28.087524890899658, "n_events": 1, "total_time": 28.087524890899658}}