{"train_params": {"rank": 0, "world_size": 4, "epochs": 10, "batch_size": 1000, "learning_rate": 0.003, "momentum": 0.9, "weight_decay": 0.0001, "scheduler_step_size": 50, "gamma": 0.9}, "backward_epoch0_rank0": {"label": "backward_epoch0_rank0", "average_duration": 0.17481136322021484, "n_events": 50, "total_time": 8.740568161010742}, "backward_epoch1_rank0": {"label": "backward_epoch1_rank0", "average_duration": 0.19816498279571534, "n_events": 50, "total_time": 9.908249139785767}, "backward_epoch2_rank0": {"label": "backward_epoch2_rank0", "average_duration": 0.19674111366271974, "n_events": 50, "total_time": 9.837055683135986}, "backward_epoch3_rank0": {"label": "backward_epoch3_rank0", "average_duration": 0.19923277854919433, "n_events": 50, "total_time": 9.961638927459717}, "backward_epoch4_rank0": {"label": "backward_epoch4_rank0", "average_duration": 0.1973445463180542, "n_events": 50, "total_time": 9.86722731590271}, "backward_epoch5_rank0": {"label": "backward_epoch5_rank0", "average_duration": 0.1996683406829834, "n_events": 50, "total_time": 9.98341703414917}, "backward_epoch6_rank0": {"label": "backward_epoch6_rank0", "average_duration": 0.19820402145385743, "n_events": 50, "total_time": 9.910201072692871}, "backward_epoch7_rank0": {"label": "backward_epoch7_rank0", "average_duration": 0.19851765155792236, "n_events": 50, "total_time": 9.925882577896118}, "backward_epoch8_rank0": {"label": "backward_epoch8_rank0", "average_duration": 0.2012961196899414, "n_events": 50, "total_time": 10.06480598449707}, "backward_epoch9_rank0": {"label": "backward_epoch9_rank0", "average_duration": 0.19931629180908203, "n_events": 50, "total_time": 9.965814590454102}, "forward_epoch0_rank0": {"label": "forward_epoch0_rank0", "average_duration": 0.12376363277435302, "n_events": 50, "total_time": 6.188181638717651}, "forward_epoch1_rank0": {"label": "forward_epoch1_rank0", "average_duration": 0.028232021331787108, "n_events": 50, "total_time": 1.4116010665893555}, "forward_epoch2_rank0": {"label": "forward_epoch2_rank0", "average_duration": 0.02779242515563965, "n_events": 50, "total_time": 1.3896212577819824}, "forward_epoch3_rank0": {"label": "forward_epoch3_rank0", "average_duration": 0.027675042152404784, "n_events": 50, "total_time": 1.3837521076202393}, "forward_epoch4_rank0": {"label": "forward_epoch4_rank0", "average_duration": 0.027577147483825684, "n_events": 50, "total_time": 1.3788573741912842}, "forward_epoch5_rank0": {"label": "forward_epoch5_rank0", "average_duration": 0.028408346176147462, "n_events": 50, "total_time": 1.420417308807373}, "forward_epoch6_rank0": {"label": "forward_epoch6_rank0", "average_duration": 0.02732677459716797, "n_events": 50, "total_time": 1.3663387298583984}, "forward_epoch7_rank0": {"label": "forward_epoch7_rank0", "average_duration": 0.027357091903686525, "n_events": 50, "total_time": 1.3678545951843262}, "forward_epoch8_rank0": {"label": "forward_epoch8_rank0", "average_duration": 0.028671464920043944, "n_events": 50, "total_time": 1.4335732460021973}, "forward_epoch9_rank0": {"label": "forward_epoch9_rank0", "average_duration": 0.027869362831115723, "n_events": 50, "total_time": 1.3934681415557861}, "powersgd.Ps.all_reduce": {"label": "powersgd.Ps.all_reduce", "average_duration": 0.00047844717237684463, "n_events": 4500, "total_time": 2.153012275695801}, "powersgd.Qs.all_reduce": {"label": "powersgd.Qs.all_reduce", "average_duration": 0.0006063085132175022, "n_events": 4500, "total_time": 2.7283883094787598}, "powersgd.uncompressed.all_reduce": {"label": "powersgd.uncompressed.all_reduce", "average_duration": 0.0004904208183288575, "n_events": 4500, "total_time": 2.2068936824798584}, "trainloop_epoch0_rank0": {"label": "trainloop_epoch0_rank0", "average_duration": 30.25456142425537, "n_events": 1, "total_time": 30.25456142425537}, "trainloop_epoch1_rank0": {"label": "trainloop_epoch1_rank0", "average_duration": 13.581748723983765, "n_events": 1, "total_time": 13.581748723983765}, "trainloop_epoch2_rank0": {"label": "trainloop_epoch2_rank0", "average_duration": 13.52994179725647, "n_events": 1, "total_time": 13.52994179725647}, "trainloop_epoch3_rank0": {"label": "trainloop_epoch3_rank0", "average_duration": 13.661376714706421, "n_events": 1, "total_time": 13.661376714706421}, "trainloop_epoch4_rank0": {"label": "trainloop_epoch4_rank0", "average_duration": 13.559549808502197, "n_events": 1, "total_time": 13.559549808502197}, "trainloop_epoch5_rank0": {"label": "trainloop_epoch5_rank0", "average_duration": 13.68607497215271, "n_events": 1, "total_time": 13.68607497215271}, "trainloop_epoch6_rank0": {"label": "trainloop_epoch6_rank0", "average_duration": 13.586478471755981, "n_events": 1, "total_time": 13.586478471755981}, "trainloop_epoch7_rank0": {"label": "trainloop_epoch7_rank0", "average_duration": 13.60095739364624, "n_events": 1, "total_time": 13.60095739364624}, "trainloop_epoch8_rank0": {"label": "trainloop_epoch8_rank0", "average_duration": 13.771992921829224, "n_events": 1, "total_time": 13.771992921829224}, "trainloop_epoch9_rank0": {"label": "trainloop_epoch9_rank0", "average_duration": 13.648728370666504, "n_events": 1, "total_time": 13.648728370666504}}