{"train_params": {"rank": 0, "world_size": 2, "epochs": 10, "batch_size": 1000, "learning_rate": 0.003, "momentum": 0.9, "weight_decay": 0.0001, "scheduler_step_size": 50, "gamma": 0.9}, "backward_epoch0_rank0": {"label": "backward_epoch0_rank0", "average_duration": 0.19899502754211426, "n_events": 50, "total_time": 9.949751377105713}, "backward_epoch1_rank0": {"label": "backward_epoch1_rank0", "average_duration": 0.22855534076690673, "n_events": 50, "total_time": 11.427767038345337}, "backward_epoch2_rank0": {"label": "backward_epoch2_rank0", "average_duration": 0.22912713050842284, "n_events": 50, "total_time": 11.456356525421143}, "backward_epoch3_rank0": {"label": "backward_epoch3_rank0", "average_duration": 0.2359871482849121, "n_events": 50, "total_time": 11.799357414245605}, "backward_epoch4_rank0": {"label": "backward_epoch4_rank0", "average_duration": 0.23218328952789308, "n_events": 50, "total_time": 11.609164476394653}, "backward_epoch5_rank0": {"label": "backward_epoch5_rank0", "average_duration": 0.2350342893600464, "n_events": 50, "total_time": 11.75171446800232}, "backward_epoch6_rank0": {"label": "backward_epoch6_rank0", "average_duration": 0.2366798734664917, "n_events": 50, "total_time": 11.833993673324585}, "backward_epoch7_rank0": {"label": "backward_epoch7_rank0", "average_duration": 0.23422160148620605, "n_events": 50, "total_time": 11.711080074310303}, "backward_epoch8_rank0": {"label": "backward_epoch8_rank0", "average_duration": 0.2389654064178467, "n_events": 50, "total_time": 11.948270320892334}, "backward_epoch9_rank0": {"label": "backward_epoch9_rank0", "average_duration": 0.23445258140563965, "n_events": 50, "total_time": 11.722629070281982}, "forward_epoch0_rank0": {"label": "forward_epoch0_rank0", "average_duration": 0.12524764537811278, "n_events": 50, "total_time": 6.26238226890564}, "forward_epoch1_rank0": {"label": "forward_epoch1_rank0", "average_duration": 0.02840587615966797, "n_events": 50, "total_time": 1.4202938079833984}, "forward_epoch2_rank0": {"label": "forward_epoch2_rank0", "average_duration": 0.028217906951904296, "n_events": 50, "total_time": 1.4108953475952148}, "forward_epoch3_rank0": {"label": "forward_epoch3_rank0", "average_duration": 0.028649420738220216, "n_events": 50, "total_time": 1.4324710369110107}, "forward_epoch4_rank0": {"label": "forward_epoch4_rank0", "average_duration": 0.028115391731262207, "n_events": 50, "total_time": 1.4057695865631104}, "forward_epoch5_rank0": {"label": "forward_epoch5_rank0", "average_duration": 0.02842928409576416, "n_events": 50, "total_time": 1.421464204788208}, "forward_epoch6_rank0": {"label": "forward_epoch6_rank0", "average_duration": 0.028814568519592285, "n_events": 50, "total_time": 1.4407284259796143}, "forward_epoch7_rank0": {"label": "forward_epoch7_rank0", "average_duration": 0.0282195520401001, "n_events": 50, "total_time": 1.4109776020050049}, "forward_epoch8_rank0": {"label": "forward_epoch8_rank0", "average_duration": 0.028724370002746583, "n_events": 50, "total_time": 1.436218500137329}, "forward_epoch9_rank0": {"label": "forward_epoch9_rank0", "average_duration": 0.028219318389892577, "n_events": 50, "total_time": 1.410965919494629}, "powersgd.Ps.all_reduce": {"label": "powersgd.Ps.all_reduce", "average_duration": 0.00023810349570380318, "n_events": 4500, "total_time": 1.0714657306671143}, "powersgd.Qs.all_reduce": {"label": "powersgd.Qs.all_reduce", "average_duration": 0.0002881462838914659, "n_events": 4500, "total_time": 1.2966582775115967}, "powersgd.uncompressed.all_reduce": {"label": "powersgd.uncompressed.all_reduce", "average_duration": 0.0010076225598653157, "n_events": 4500, "total_time": 4.534301519393921}, "trainloop_epoch0_rank0": {"label": "trainloop_epoch0_rank0", "average_duration": 28.160084009170532, "n_events": 1, "total_time": 28.160084009170532}, "trainloop_epoch1_rank0": {"label": "trainloop_epoch1_rank0", "average_duration": 16.380425691604614, "n_events": 1, "total_time": 16.380425691604614}, "trainloop_epoch2_rank0": {"label": "trainloop_epoch2_rank0", "average_duration": 16.416951417922974, "n_events": 1, "total_time": 16.416951417922974}, "trainloop_epoch3_rank0": {"label": "trainloop_epoch3_rank0", "average_duration": 16.78137993812561, "n_events": 1, "total_time": 16.78137993812561}, "trainloop_epoch4_rank0": {"label": "trainloop_epoch4_rank0", "average_duration": 16.578157663345337, "n_events": 1, "total_time": 16.578157663345337}, "trainloop_epoch5_rank0": {"label": "trainloop_epoch5_rank0", "average_duration": 16.73098397254944, "n_events": 1, "total_time": 16.73098397254944}, "trainloop_epoch6_rank0": {"label": "trainloop_epoch6_rank0", "average_duration": 16.8175790309906, "n_events": 1, "total_time": 16.8175790309906}, "trainloop_epoch7_rank0": {"label": "trainloop_epoch7_rank0", "average_duration": 16.693195581436157, "n_events": 1, "total_time": 16.693195581436157}, "trainloop_epoch8_rank0": {"label": "trainloop_epoch8_rank0", "average_duration": 16.945017337799072, "n_events": 1, "total_time": 16.945017337799072}, "trainloop_epoch9_rank0": {"label": "trainloop_epoch9_rank0", "average_duration": 16.719629764556885, "n_events": 1, "total_time": 16.719629764556885}}