{"train_params": {"rank": 0, "world_size": 2, "epochs": 10, "batch_size": 1000, "learning_rate": 0.003, "momentum": 0.9, "weight_decay": 0.0001, "scheduler_step_size": 50, "gamma": 0.9}, "backward_epoch0_rank0": {"label": "backward_epoch0_rank0", "average_duration": 0.3362729597091675, "n_events": 50, "total_time": 16.813647985458374}, "backward_epoch1_rank0": {"label": "backward_epoch1_rank0", "average_duration": 0.3327744245529175, "n_events": 50, "total_time": 16.638721227645874}, "backward_epoch2_rank0": {"label": "backward_epoch2_rank0", "average_duration": 0.33869204521179197, "n_events": 50, "total_time": 16.9346022605896}, "backward_epoch3_rank0": {"label": "backward_epoch3_rank0", "average_duration": 0.33632288455963133, "n_events": 50, "total_time": 16.816144227981567}, "backward_epoch4_rank0": {"label": "backward_epoch4_rank0", "average_duration": 0.3365230178833008, "n_events": 50, "total_time": 16.82615089416504}, "backward_epoch5_rank0": {"label": "backward_epoch5_rank0", "average_duration": 0.34177565574645996, "n_events": 50, "total_time": 17.088782787322998}, "backward_epoch6_rank0": {"label": "backward_epoch6_rank0", "average_duration": 0.33806437969207764, "n_events": 50, "total_time": 16.903218984603882}, "backward_epoch7_rank0": {"label": "backward_epoch7_rank0", "average_duration": 0.34163483142852785, "n_events": 50, "total_time": 17.08174157142639}, "backward_epoch8_rank0": {"label": "backward_epoch8_rank0", "average_duration": 0.3426068639755249, "n_events": 50, "total_time": 17.130343198776245}, "backward_epoch9_rank0": {"label": "backward_epoch9_rank0", "average_duration": 0.34177063465118407, "n_events": 50, "total_time": 17.088531732559204}, "forward_epoch0_rank0": {"label": "forward_epoch0_rank0", "average_duration": 0.12347322940826416, "n_events": 50, "total_time": 6.173661470413208}, "forward_epoch1_rank0": {"label": "forward_epoch1_rank0", "average_duration": 0.02890604019165039, "n_events": 50, "total_time": 1.4453020095825195}, "forward_epoch2_rank0": {"label": "forward_epoch2_rank0", "average_duration": 0.029868779182434083, "n_events": 50, "total_time": 1.493438959121704}, "forward_epoch3_rank0": {"label": "forward_epoch3_rank0", "average_duration": 0.029583735466003416, "n_events": 50, "total_time": 1.479186773300171}, "forward_epoch4_rank0": {"label": "forward_epoch4_rank0", "average_duration": 0.029030551910400392, "n_events": 50, "total_time": 1.4515275955200195}, "forward_epoch5_rank0": {"label": "forward_epoch5_rank0", "average_duration": 0.029067702293395996, "n_events": 50, "total_time": 1.4533851146697998}, "forward_epoch6_rank0": {"label": "forward_epoch6_rank0", "average_duration": 0.02869363307952881, "n_events": 50, "total_time": 1.4346816539764404}, "forward_epoch7_rank0": {"label": "forward_epoch7_rank0", "average_duration": 0.028921799659729006, "n_events": 50, "total_time": 1.4460899829864502}, "forward_epoch8_rank0": {"label": "forward_epoch8_rank0", "average_duration": 0.02853925704956055, "n_events": 50, "total_time": 1.4269628524780273}, "forward_epoch9_rank0": {"label": "forward_epoch9_rank0", "average_duration": 0.02968687057495117, "n_events": 50, "total_time": 1.4843435287475586}, "randomk.all_reduce": {"label": "randomk.all_reduce", "average_duration": 0.00802139239068694, "n_events": 4994, "total_time": 40.058833599090576}, "trainloop_epoch0_rank0": {"label": "trainloop_epoch0_rank0", "average_duration": 26.507522344589233, "n_events": 1, "total_time": 26.507522344589233}, "trainloop_epoch1_rank0": {"label": "trainloop_epoch1_rank0", "average_duration": 21.627274751663208, "n_events": 1, "total_time": 21.627274751663208}, "trainloop_epoch2_rank0": {"label": "trainloop_epoch2_rank0", "average_duration": 21.938604593276978, "n_events": 1, "total_time": 21.938604593276978}, "trainloop_epoch3_rank0": {"label": "trainloop_epoch3_rank0", "average_duration": 21.813246250152588, "n_events": 1, "total_time": 21.813246250152588}, "trainloop_epoch4_rank0": {"label": "trainloop_epoch4_rank0", "average_duration": 21.81920099258423, "n_events": 1, "total_time": 21.81920099258423}, "trainloop_epoch5_rank0": {"label": "trainloop_epoch5_rank0", "average_duration": 22.10043978691101, "n_events": 1, "total_time": 22.10043978691101}, "trainloop_epoch6_rank0": {"label": "trainloop_epoch6_rank0", "average_duration": 21.903054237365723, "n_events": 1, "total_time": 21.903054237365723}, "trainloop_epoch7_rank0": {"label": "trainloop_epoch7_rank0", "average_duration": 22.087374925613403, "n_events": 1, "total_time": 22.087374925613403}, "trainloop_epoch8_rank0": {"label": "trainloop_epoch8_rank0", "average_duration": 22.13424515724182, "n_events": 1, "total_time": 22.13424515724182}, "trainloop_epoch9_rank0": {"label": "trainloop_epoch9_rank0", "average_duration": 22.099018812179565, "n_events": 1, "total_time": 22.099018812179565}}