{"train_params": {"rank": 0, "world_size": 2, "epochs": 10, "batch_size": 1000, "learning_rate": 0.003, "momentum": 0.9, "weight_decay": 0.0001, "scheduler_step_size": 50, "gamma": 0.9}, "backward_epoch0_rank0": {"label": "backward_epoch0_rank0", "average_duration": 0.41792874336242675, "n_events": 50, "total_time": 20.896437168121338}, "backward_epoch1_rank0": {"label": "backward_epoch1_rank0", "average_duration": 0.4161840534210205, "n_events": 50, "total_time": 20.809202671051025}, "backward_epoch2_rank0": {"label": "backward_epoch2_rank0", "average_duration": 0.4153692102432251, "n_events": 50, "total_time": 20.768460512161255}, "backward_epoch3_rank0": {"label": "backward_epoch3_rank0", "average_duration": 0.415523853302002, "n_events": 50, "total_time": 20.776192665100098}, "backward_epoch4_rank0": {"label": "backward_epoch4_rank0", "average_duration": 0.4160613441467285, "n_events": 50, "total_time": 20.803067207336426}, "backward_epoch5_rank0": {"label": "backward_epoch5_rank0", "average_duration": 0.4155858469009399, "n_events": 50, "total_time": 20.779292345046997}, "backward_epoch6_rank0": {"label": "backward_epoch6_rank0", "average_duration": 0.41803219795227053, "n_events": 50, "total_time": 20.901609897613525}, "backward_epoch7_rank0": {"label": "backward_epoch7_rank0", "average_duration": 0.418655047416687, "n_events": 50, "total_time": 20.93275237083435}, "backward_epoch8_rank0": {"label": "backward_epoch8_rank0", "average_duration": 0.41877930164337157, "n_events": 50, "total_time": 20.93896508216858}, "backward_epoch9_rank0": {"label": "backward_epoch9_rank0", "average_duration": 0.41926628589630127, "n_events": 50, "total_time": 20.963314294815063}, "forward_epoch0_rank0": {"label": "forward_epoch0_rank0", "average_duration": 0.1259069585800171, "n_events": 50, "total_time": 6.2953479290008545}, "forward_epoch1_rank0": {"label": "forward_epoch1_rank0", "average_duration": 0.028783965110778808, "n_events": 50, "total_time": 1.4391982555389404}, "forward_epoch2_rank0": {"label": "forward_epoch2_rank0", "average_duration": 0.028427448272705078, "n_events": 50, "total_time": 1.421372413635254}, "forward_epoch3_rank0": {"label": "forward_epoch3_rank0", "average_duration": 0.02976229667663574, "n_events": 50, "total_time": 1.488114833831787}, "forward_epoch4_rank0": {"label": "forward_epoch4_rank0", "average_duration": 0.029179511070251466, "n_events": 50, "total_time": 1.4589755535125732}, "forward_epoch5_rank0": {"label": "forward_epoch5_rank0", "average_duration": 0.02882723331451416, "n_events": 50, "total_time": 1.441361665725708}, "forward_epoch6_rank0": {"label": "forward_epoch6_rank0", "average_duration": 0.028856568336486817, "n_events": 50, "total_time": 1.4428284168243408}, "forward_epoch7_rank0": {"label": "forward_epoch7_rank0", "average_duration": 0.02842658042907715, "n_events": 50, "total_time": 1.4213290214538574}, "forward_epoch8_rank0": {"label": "forward_epoch8_rank0", "average_duration": 0.028379878997802734, "n_events": 50, "total_time": 1.4189939498901367}, "forward_epoch9_rank0": {"label": "forward_epoch9_rank0", "average_duration": 0.02917665958404541, "n_events": 50, "total_time": 1.4588329792022705}, "pytorch.all_reduce": {"label": "pytorch.all_reduce", "average_duration": 0.024340432216321938, "n_events": 4994, "total_time": 121.55611848831177}, "trainloop_epoch0_rank0": {"label": "trainloop_epoch0_rank0", "average_duration": 30.794410705566406, "n_events": 1, "total_time": 30.794410705566406}, "trainloop_epoch1_rank0": {"label": "trainloop_epoch1_rank0", "average_duration": 25.910467863082886, "n_events": 1, "total_time": 25.910467863082886}, "trainloop_epoch2_rank0": {"label": "trainloop_epoch2_rank0", "average_duration": 25.869373321533203, "n_events": 1, "total_time": 25.869373321533203}, "trainloop_epoch3_rank0": {"label": "trainloop_epoch3_rank0", "average_duration": 25.89029049873352, "n_events": 1, "total_time": 25.89029049873352}, "trainloop_epoch4_rank0": {"label": "trainloop_epoch4_rank0", "average_duration": 25.91654396057129, "n_events": 1, "total_time": 25.91654396057129}, "trainloop_epoch5_rank0": {"label": "trainloop_epoch5_rank0", "average_duration": 25.878145217895508, "n_events": 1, "total_time": 25.878145217895508}, "trainloop_epoch6_rank0": {"label": "trainloop_epoch6_rank0", "average_duration": 26.042635440826416, "n_events": 1, "total_time": 26.042635440826416}, "trainloop_epoch7_rank0": {"label": "trainloop_epoch7_rank0", "average_duration": 26.056193828582764, "n_events": 1, "total_time": 26.056193828582764}, "trainloop_epoch8_rank0": {"label": "trainloop_epoch8_rank0", "average_duration": 26.084144830703735, "n_events": 1, "total_time": 26.084144830703735}, "trainloop_epoch9_rank0": {"label": "trainloop_epoch9_rank0", "average_duration": 26.11815333366394, "n_events": 1, "total_time": 26.11815333366394}}