{"train_params": {"rank": 0, "world_size": 2, "epochs": 10, "batch_size": 1000, "learning_rate": 0.003, "momentum": 0.9, "weight_decay": 0.0001, "scheduler_step_size": 50, "gamma": 0.9}, "backward_epoch0_rank0": {"label": "backward_epoch0_rank0", "average_duration": 0.6247573566436767, "n_events": 50, "total_time": 31.237867832183838}, "backward_epoch1_rank0": {"label": "backward_epoch1_rank0", "average_duration": 0.6286007118225098, "n_events": 50, "total_time": 31.43003559112549}, "backward_epoch2_rank0": {"label": "backward_epoch2_rank0", "average_duration": 0.6320104551315308, "n_events": 50, "total_time": 31.600522756576538}, "backward_epoch3_rank0": {"label": "backward_epoch3_rank0", "average_duration": 0.6360495281219483, "n_events": 50, "total_time": 31.802476406097412}, "backward_epoch4_rank0": {"label": "backward_epoch4_rank0", "average_duration": 0.6407214736938477, "n_events": 50, "total_time": 32.03607368469238}, "backward_epoch5_rank0": {"label": "backward_epoch5_rank0", "average_duration": 0.6399822044372558, "n_events": 50, "total_time": 31.999110221862793}, "backward_epoch6_rank0": {"label": "backward_epoch6_rank0", "average_duration": 0.6419168567657471, "n_events": 50, "total_time": 32.09584283828735}, "backward_epoch7_rank0": {"label": "backward_epoch7_rank0", "average_duration": 0.6418123865127563, "n_events": 50, "total_time": 32.09061932563782}, "backward_epoch8_rank0": {"label": "backward_epoch8_rank0", "average_duration": 0.6450797080993652, "n_events": 50, "total_time": 32.25398540496826}, "backward_epoch9_rank0": {"label": "backward_epoch9_rank0", "average_duration": 0.6501081418991089, "n_events": 50, "total_time": 32.505407094955444}, "forward_epoch0_rank0": {"label": "forward_epoch0_rank0", "average_duration": 0.12559127807617188, "n_events": 50, "total_time": 6.279563903808594}, "forward_epoch1_rank0": {"label": "forward_epoch1_rank0", "average_duration": 0.029518399238586426, "n_events": 50, "total_time": 1.4759199619293213}, "forward_epoch2_rank0": {"label": "forward_epoch2_rank0", "average_duration": 0.02978410243988037, "n_events": 50, "total_time": 1.4892051219940186}, "forward_epoch3_rank0": {"label": "forward_epoch3_rank0", "average_duration": 0.030081348419189455, "n_events": 50, "total_time": 1.5040674209594727}, "forward_epoch4_rank0": {"label": "forward_epoch4_rank0", "average_duration": 0.02932041645050049, "n_events": 50, "total_time": 1.4660208225250244}, "forward_epoch5_rank0": {"label": "forward_epoch5_rank0", "average_duration": 0.029710555076599122, "n_events": 50, "total_time": 1.485527753829956}, "forward_epoch6_rank0": {"label": "forward_epoch6_rank0", "average_duration": 0.029199433326721192, "n_events": 50, "total_time": 1.4599716663360596}, "forward_epoch7_rank0": {"label": "forward_epoch7_rank0", "average_duration": 0.029186015129089356, "n_events": 50, "total_time": 1.4593007564544678}, "forward_epoch8_rank0": {"label": "forward_epoch8_rank0", "average_duration": 0.02915013790130615, "n_events": 50, "total_time": 1.4575068950653076}, "forward_epoch9_rank0": {"label": "forward_epoch9_rank0", "average_duration": 0.02939556121826172, "n_events": 50, "total_time": 1.469778060913086}, "randomk.all_reduce": {"label": "randomk.all_reduce", "average_duration": 0.023976394401629735, "n_events": 4994, "total_time": 119.73811364173889}, "trainloop_epoch0_rank0": {"label": "trainloop_epoch0_rank0", "average_duration": 41.12636590003967, "n_events": 1, "total_time": 41.12636590003967}, "trainloop_epoch1_rank0": {"label": "trainloop_epoch1_rank0", "average_duration": 36.58146643638611, "n_events": 1, "total_time": 36.58146643638611}, "trainloop_epoch2_rank0": {"label": "trainloop_epoch2_rank0", "average_duration": 36.764567136764526, "n_events": 1, "total_time": 36.764567136764526}, "trainloop_epoch3_rank0": {"label": "trainloop_epoch3_rank0", "average_duration": 36.97700881958008, "n_events": 1, "total_time": 36.97700881958008}, "trainloop_epoch4_rank0": {"label": "trainloop_epoch4_rank0", "average_duration": 37.23569369316101, "n_events": 1, "total_time": 37.23569369316101}, "trainloop_epoch5_rank0": {"label": "trainloop_epoch5_rank0", "average_duration": 37.21740484237671, "n_events": 1, "total_time": 37.21740484237671}, "trainloop_epoch6_rank0": {"label": "trainloop_epoch6_rank0", "average_duration": 37.331472873687744, "n_events": 1, "total_time": 37.331472873687744}, "trainloop_epoch7_rank0": {"label": "trainloop_epoch7_rank0", "average_duration": 37.33723831176758, "n_events": 1, "total_time": 37.33723831176758}, "trainloop_epoch8_rank0": {"label": "trainloop_epoch8_rank0", "average_duration": 37.50318384170532, "n_events": 1, "total_time": 37.50318384170532}, "trainloop_epoch9_rank0": {"label": "trainloop_epoch9_rank0", "average_duration": 37.75738215446472, "n_events": 1, "total_time": 37.75738215446472}}