{"train_params": {"rank": 0, "world_size": 2, "epochs": 10, "batch_size": 1000, "learning_rate": 0.003, "momentum": 0.9, "weight_decay": 0.0001, "scheduler_step_size": 50, "gamma": 0.9}, "backward_epoch0_rank0": {"label": "backward_epoch0_rank0", "average_duration": 0.4388856220245361, "n_events": 50, "total_time": 21.944281101226807}, "backward_epoch1_rank0": {"label": "backward_epoch1_rank0", "average_duration": 0.43729116916656496, "n_events": 50, "total_time": 21.864558458328247}, "backward_epoch2_rank0": {"label": "backward_epoch2_rank0", "average_duration": 0.44203011989593505, "n_events": 50, "total_time": 22.101505994796753}, "backward_epoch3_rank0": {"label": "backward_epoch3_rank0", "average_duration": 0.4412389898300171, "n_events": 50, "total_time": 22.061949491500854}, "backward_epoch4_rank0": {"label": "backward_epoch4_rank0", "average_duration": 0.44307765007019045, "n_events": 50, "total_time": 22.15388250350952}, "backward_epoch5_rank0": {"label": "backward_epoch5_rank0", "average_duration": 0.44630214691162107, "n_events": 50, "total_time": 22.315107345581055}, "backward_epoch6_rank0": {"label": "backward_epoch6_rank0", "average_duration": 0.4467473888397217, "n_events": 50, "total_time": 22.337369441986084}, "backward_epoch7_rank0": {"label": "backward_epoch7_rank0", "average_duration": 0.45056178092956545, "n_events": 50, "total_time": 22.52808904647827}, "backward_epoch8_rank0": {"label": "backward_epoch8_rank0", "average_duration": 0.44964841842651365, "n_events": 50, "total_time": 22.482420921325684}, "backward_epoch9_rank0": {"label": "backward_epoch9_rank0", "average_duration": 0.4486398267745972, "n_events": 50, "total_time": 22.43199133872986}, "forward_epoch0_rank0": {"label": "forward_epoch0_rank0", "average_duration": 0.12352540969848633, "n_events": 50, "total_time": 6.176270484924316}, "forward_epoch1_rank0": {"label": "forward_epoch1_rank0", "average_duration": 0.03020883083343506, "n_events": 50, "total_time": 1.510441541671753}, "forward_epoch2_rank0": {"label": "forward_epoch2_rank0", "average_duration": 0.02889212131500244, "n_events": 50, "total_time": 1.444606065750122}, "forward_epoch3_rank0": {"label": "forward_epoch3_rank0", "average_duration": 0.028715028762817382, "n_events": 50, "total_time": 1.4357514381408691}, "forward_epoch4_rank0": {"label": "forward_epoch4_rank0", "average_duration": 0.0288150691986084, "n_events": 50, "total_time": 1.44075345993042}, "forward_epoch5_rank0": {"label": "forward_epoch5_rank0", "average_duration": 0.029461679458618165, "n_events": 50, "total_time": 1.4730839729309082}, "forward_epoch6_rank0": {"label": "forward_epoch6_rank0", "average_duration": 0.02936234951019287, "n_events": 50, "total_time": 1.4681174755096436}, "forward_epoch7_rank0": {"label": "forward_epoch7_rank0", "average_duration": 0.02955179214477539, "n_events": 50, "total_time": 1.4775896072387695}, "forward_epoch8_rank0": {"label": "forward_epoch8_rank0", "average_duration": 0.030033321380615235, "n_events": 50, "total_time": 1.5016660690307617}, "forward_epoch9_rank0": {"label": "forward_epoch9_rank0", "average_duration": 0.028958244323730467, "n_events": 50, "total_time": 1.4479122161865234}, "randomk.all_reduce": {"label": "randomk.all_reduce", "average_duration": 0.012883968433476372, "n_events": 4994, "total_time": 64.342538356781}, "trainloop_epoch0_rank0": {"label": "trainloop_epoch0_rank0", "average_duration": 31.652337789535522, "n_events": 1, "total_time": 31.652337789535522}, "trainloop_epoch1_rank0": {"label": "trainloop_epoch1_rank0", "average_duration": 26.912325382232666, "n_events": 1, "total_time": 26.912325382232666}, "trainloop_epoch2_rank0": {"label": "trainloop_epoch2_rank0", "average_duration": 27.143641471862793, "n_events": 1, "total_time": 27.143641471862793}, "trainloop_epoch3_rank0": {"label": "trainloop_epoch3_rank0", "average_duration": 27.117541551589966, "n_events": 1, "total_time": 27.117541551589966}, "trainloop_epoch4_rank0": {"label": "trainloop_epoch4_rank0", "average_duration": 27.224549770355225, "n_events": 1, "total_time": 27.224549770355225}, "trainloop_epoch5_rank0": {"label": "trainloop_epoch5_rank0", "average_duration": 27.388571739196777, "n_events": 1, "total_time": 27.388571739196777}, "trainloop_epoch6_rank0": {"label": "trainloop_epoch6_rank0", "average_duration": 27.428858757019043, "n_events": 1, "total_time": 27.428858757019043}, "trainloop_epoch7_rank0": {"label": "trainloop_epoch7_rank0", "average_duration": 27.632648229599, "n_events": 1, "total_time": 27.632648229599}, "trainloop_epoch8_rank0": {"label": "trainloop_epoch8_rank0", "average_duration": 27.59391498565674, "n_events": 1, "total_time": 27.59391498565674}, "trainloop_epoch9_rank0": {"label": "trainloop_epoch9_rank0", "average_duration": 27.540778398513794, "n_events": 1, "total_time": 27.540778398513794}}